Customer_ID,Name,Email,City
1,Faiyaz Seth,aurorachirag@dey.com,Sagar
2,Mannat Guha,tiyer@rout.com,Sri Ganganagar
3,Raunak Trivedi,tiyabaral@shere.org,Tiruppur
4,Purab Issac,esachdev@ram.net,New Delhi
5,Yasmin Chaudry,akarsh04@gera.com,Davanagere
6,Zara Tara,taradhawan@yahoo.com,Kurnool
7,Purab Luthra,dbutala@gmail.com,Pallavaram
8,Keya Magar,daliagatik@yahoo.com,Pimpri-Chinchwad
9,Nitara Sen,khushibarad@yahoo.com,Raipur
10,Anay Kurian,sumer96@saran.com,Begusarai
11,Emir Sami,urvi66@hotmail.com,Muzaffarnagar
12,Tarini Bhatt,rvaidya@hotmail.com,Tiruppur
13,Vanya Roy,esani@batra-ramanathan.com,Jaipur
14,Madhup Mangal,advik93@saran.biz,Junagadh
15,Rhea Viswanathan,arhaan07@gmail.com,Kozhikode
16,Vritika Jaggi,ivana66@gmail.com,Bharatpur
17,Yuvraj  Bhatnagar,kiarakamdar@saran-thakkar.org,Ulhasnagar
18,Samarth Chakrabarti,hlala@hotmail.com,Saharanpur
19,Kimaya Sule,zarasalvi@dora.org,Gaya
20,Pari Ahluwalia,nbala@bava-chana.com,Ambarnath
21,Siya Venkatesh,charvibhatt@sangha.com,Tezpur
22,Dishani Jaggi,amira52@yahoo.com,Bhalswa Jahangir Pur
23,Dhruv Cherian,wbahl@chakrabarti.net,Salem
24,Krish Dugar,vaibhavsachdeva@gmail.com,Rajkot
25,Urvi Madan,hchopra@gmail.com,Bokaro
26,Diya Tak,gulatimamooty@barad-chaudhry.net,Ghaziabad
27,Alisha Sibal,romil59@gmail.com,Ludhiana
28,Shalv Chokshi,fatehbail@rout.com,Ambala
29,Hazel Goswami,ratiroy@suresh.com,Baranagar
30,Prerak Madan,yzacharia@hotmail.com,Gudivada
31,Elakshi Chakrabarti,anahimanda@wali.com,Srinagar
32,Vaibhav Rajan,zainakoshy@hotmail.com,Guwahati
33,Parinaaz De,khushi88@gmail.com,Jammu
34,Tejas Ramachandran,siya13@yahoo.com,Yamunanagar
35,Bhavin Malhotra,samarthkhare@bhattacharyya.org,Amaravati
36,Divij Anand,nitarasama@balay-dugar.com,Rewa
37,Rohan Deshmukh,lgour@bora-manne.com,Bhalswa Jahangir Pur
38,Elakshi Chauhan,gokhalemanjari@suresh.net,Ambattur
39,Kabir Krish,misha09@hotmail.com,Aizawl
40,Nakul Saini,skumar@hotmail.com,Phagwara
41,Neelofar Chaudhari,udugal@hotmail.com,Bhubaneswar
42,Krish Dutta,adahraj@yahoo.com,Singrauli
43,Vivaan Vohra,dhaliwalheer@koshy-tata.com,Shimla
44,Darshit Sahota,stuvanrandhawa@kant.org,Raurkela Industrial Township
45,Divyansh Bahri,advik89@gmail.com,Salem
46,Renee Raju,lsubramanian@ray.com,Uluberia
47,Reyansh Bhatnagar,karnikelakshi@gmail.com,Raiganj
48,Advik Wali,shlok46@chaudry-gera.org,Mehsana
49,Sana Bhatt,anahita23@hotmail.com,Rewa
50,Charvi Sule,balakrishnanshanaya@hotmail.com,Deoghar
51,Divyansh Kala,samarkashyap@chauhan-raja.org,Khammam
52,Arhaan Grewal,manicharvi@hotmail.com,Gangtok
53,Nitya Badal,ratigrewal@sule-chand.com,Satna
54,Taran Soman,kalitapranay@vohra.com,Rajkot
55,Riya Bandi,nswamy@verma.com,Noida
56,Vardaniya Dewan,kbansal@hotmail.com,Siwan
57,Saksham Chaudhary,mehul65@yahoo.com,Mathura
58,Tiya Dyal,khushi58@bhavsar.org,Gaya
59,Vritika De,cbhasin@chowdhury.net,Barasat
60,Pari Gopal,baijuwagle@sarma.net,Phagwara
61,Bhavin Bal,vivaan71@zachariah.com,Tezpur
62,Veer Bhatia,kaultrisha@gmail.com,Panchkula
63,Ahana  Sarin,jayan34@walla-bassi.com,Srinagar
64,Alia Ram,lkuruvilla@golla.biz,Jodhpur
65,Mahika Kanda,lzacharia@kadakia-dhillon.com,Bhiwani
66,Darshit Bhattacharyya,asem@yahoo.com,Jalna
67,Misha Chowdhury,jiyakarnik@kapoor.biz,Ambattur
68,Saksham Sabharwal,kannankashvi@yahoo.com,Patiala
69,Ishaan Sama,dagrawal@hotmail.com,Aurangabad
70,Yasmin Gopal,twalia@sridhar.org,Mehsana
71,Shayak Tandon,chiragsuri@gmail.com,Mysore
72,Dishani Wali,karnikurvi@chandra-chhabra.org,Baranagar
73,Anika Mann,idate@hotmail.com,Kurnool
74,Dharmajan Krishna,grewalindranil@hotmail.com,Karnal
75,Rania Dani,nityawalia@khalsa-dani.net,Rohtak
76,Shanaya Kothari,hegdealisha@dalal.com,Kolhapur
77,Adira Ben,stuvanbhasin@buch.com,Aizawl
78,Armaan Iyengar,taimur84@yahoo.com,Karawal Nagar
79,Zeeshan Seshadri,indranilkhalsa@bains-sant.biz,Vellore
80,Kaira Jha,regeadah@yahoo.com,Uluberia
81,Khushi Mangal,aarav45@gmail.com,Tenali
82,Ayesha Soman,saksham74@gmail.com,Bhagalpur
83,Vardaniya Kumar,ebasu@acharya.com,Thane
84,Vivaan Bera,kthakkar@sundaram.biz,Hosur
85,Yasmin Chakrabarti,mangatreyansh@jhaveri.com,Tiruppur
86,Misha Karpe,shraybava@mall-kadakia.biz,Panvel
87,Anvi Ramesh,amanidixit@kade-vohra.org,Mau
88,Sara Rege,goswamiamani@gmail.com,Uluberia
89,Taimur Gera,sankarankabir@gmail.com,Cuttack
90,Anahi Saraf,mannatbuch@wali.com,Kulti
91,Shlok Badami,ubhandari@hotmail.com,Nagercoil
92,Lakshit Sarkar,baliryan@gmail.com,Navi Mumbai
93,Vritika Viswanathan,kmajumdar@yahoo.com,Naihati
94,Siya Anand,mkade@hotmail.com,Kurnool
95,Ivana Krish,saanvi72@kari.com,Davanagere
96,Nirvi Sankaran,sinhaprisha@sethi.info,Bellary
97,Arnav Sura,vsarin@sharma-uppal.com,Hapur
98,Nakul Suresh,indranil48@hotmail.com,Ballia
99,Kabir Chauhan,qgarg@gmail.com,Jalna
100,Neelofar Chaudhari,taimurrajagopalan@gmail.com,Kalyan-Dombivli
